#Organism Name,Organism Groups,Strain,BioSample,BioProject,Assembly,Level,Size(Mb),GC%,Replicons,WGS,Scaffolds,CDS,Release Date,GenBank FTP,RefSeq FTP
Limosilactobacillus fermentum,Bacteria;Terrabacteria group;Firmicutes,SCB0035,SAMN26885050,PRJNA818844,GCA_022819245.1,Complete,2.01624,51.8,chromosome:NZ_CP094655.1/CP094655.1,,1,1888,2022-04-06T00:00:00Z,ftp://ftp.ncbi.nlm.nih.gov/genomes/all/GCA/022/819/245/GCA_022819245.1_ASM2281924v1,ftp://ftp.ncbi.nlm.nih.gov/genomes/all/GCF/022/819/245/GCF_022819245.1_ASM2281924v1
Limosilactobacillus fermentum,Bacteria;Terrabacteria group;Firmicutes,LMT2-75,SAMN10417155,PRJNA505388,GCA_003855655.1,Complete,2.32746,50.4769,chromosome:NZ_CP034099.1/CP034099.1; plasmid p1:NZ_CP034100.1/CP034100.1,,2,2182,2018-12-02T00:00:00Z,,ftp://ftp.ncbi.nlm.nih.gov/genomes/all/GCF/003/855/655/GCF_003855655.1_ASM385565v1
Limosilactobacillus fermentum,Bacteria;Terrabacteria group;Firmicutes,2760,SAMN12786154,PRJNA566331,GCA_008802915.1,Complete,2.2673,51.4,chromosome:NZ_CP044354.1/CP044354.1,,1,2078,2019-10-02T00:00:00Z,,ftp://ftp.ncbi.nlm.nih.gov/genomes/all/GCF/008/802/915/GCF_008802915.1_ASM880291v1
Limosilactobacillus fermentum,Bacteria;Terrabacteria group;Firmicutes,FTDC 8312,SAMN06703219,PRJNA382300,GCA_002119645.1,Complete,2.23992,51,chromosome:NZ_CP021104.1/CP021104.1,,1,2090,2017-05-09T00:00:00Z,,ftp://ftp.ncbi.nlm.nih.gov/genomes/all/GCF/002/119/645/GCF_002119645.1_ASM211964v1
Limosilactobacillus fermentum,Bacteria;Terrabacteria group;Firmicutes,USM 8633,SAMN04531192,PRJNA312743,GCA_009676625.1,Complete,2.2384,51,chromosome:NZ_CP045034.1/CP045034.1,,1,2092,2019-11-20T00:00:00Z,,ftp://ftp.ncbi.nlm.nih.gov/genomes/all/GCF/009/676/625/GCF_009676625.1_ASM967662v1
Limosilactobacillus fermentum,Bacteria;Terrabacteria group;Firmicutes,GR1007,SAMN17976236,PRJNA702613,GCA_017134375.1,Complete,2.23839,51,chromosome:NZ_CP071001.1/CP071001.1,,1,2087,2021-03-02T00:00:00Z,ftp://ftp.ncbi.nlm.nih.gov/genomes/all/GCA/017/134/375/GCA_017134375.1_ASM1713437v1,ftp://ftp.ncbi.nlm.nih.gov/genomes/all/GCF/017/134/375/GCF_017134375.1_ASM1713437v1
Limosilactobacillus fermentum,Bacteria;Terrabacteria group;Firmicutes,GR1008,SAMN17976237,PRJNA702613,GCA_017134355.1,Complete,2.23776,51,chromosome:NZ_CP071000.1/CP071000.1,,1,2079,2021-03-02T00:00:00Z,ftp://ftp.ncbi.nlm.nih.gov/genomes/all/GCA/017/134/355/GCA_017134355.1_ASM1713435v1,ftp://ftp.ncbi.nlm.nih.gov/genomes/all/GCF/017/134/355/GCF_017134355.1_ASM1713435v1
Limosilactobacillus fermentum,Bacteria;Terrabacteria group;Firmicutes,GR1103,SAMN17976243,PRJNA702615,GCA_017068315.1,Complete,2.2349,51,chromosome:NZ_CP070858.1/CP070858.1,,1,2075,2021-02-28T00:00:00Z,ftp://ftp.ncbi.nlm.nih.gov/genomes/all/GCA/017/068/315/GCA_017068315.1_ASM1706831v1,ftp://ftp.ncbi.nlm.nih.gov/genomes/all/GCF/017/068/315/GCF_017068315.1_ASM1706831v1
Limosilactobacillus fermentum,Bacteria;Terrabacteria group;Firmicutes,PCC,SAMN29862209,PRJNA860779,GCA_024665195.1,Complete,2.23376,51,chromosome:NZ_CP102532.1/CP102532.1,,1,2096,2022-08-15T00:00:00Z,,ftp://ftp.ncbi.nlm.nih.gov/genomes/all/GCF/024/665/195/GCF_024665195.1_ASM2466519v1
Limosilactobacillus fermentum,Bacteria;Terrabacteria group;Firmicutes,GR1009,SAMN17976238,PRJNA702613,GCA_017134335.1,Complete,2.22714,51,chromosome:NZ_CP070999.1/CP070999.1,,1,2069,2021-03-02T00:00:00Z,ftp://ftp.ncbi.nlm.nih.gov/genomes/all/GCA/017/134/335/GCA_017134335.1_ASM1713433v1,ftp://ftp.ncbi.nlm.nih.gov/genomes/all/GCF/017/134/335/GCF_017134335.1_ASM1713433v1
Limosilactobacillus fermentum,Bacteria;Terrabacteria group;Firmicutes,AGR1485,SAMN13241836,PRJNA588334,GCA_011032765.1,Complete,2.22686,51.2,chromosome:NZ_CP047584.1/CP047584.1,,1,2068,2020-02-27T00:00:00Z,ftp://ftp.ncbi.nlm.nih.gov/genomes/all/GCA/011/032/765/GCA_011032765.1_ASM1103276v1,ftp://ftp.ncbi.nlm.nih.gov/genomes/all/GCF/011/032/765/GCF_011032765.1_ASM1103276v1
Limosilactobacillus fermentum,Bacteria;Terrabacteria group;Firmicutes,DM075,SAMN29360653,PRJNA853106,GCA_024204625.1,Complete,2.20402,51,chromosome:NZ_CP100352.1/CP100352.1,,1,2016,2022-07-11T00:00:00Z,,ftp://ftp.ncbi.nlm.nih.gov/genomes/all/GCF/024/204/625/GCF_024204625.1_ASM2420462v1
Limosilactobacillus fermentum,Bacteria;Terrabacteria group;Firmicutes,SNUV175,SAMN06174220,PRJNA358449,GCA_001941785.1,Complete,2.27233,51.0589,chromosome:NZ_CP019030.1/CP019030.1; plasmid pSNU175-2:NZ_CP019031.1/CP019031.1; plasmid pSNU175-3:NZ_CP019032.1/CP019032.1; plasmid pSNU175-4:NZ_CP019033.1/CP019033.1,,4,2171,2017-01-10T00:00:00Z,,ftp://ftp.ncbi.nlm.nih.gov/genomes/all/GCF/001/941/785/GCF_001941785.1_ASM194178v1
Limosilactobacillus fermentum,Bacteria;Terrabacteria group;Firmicutes,ACA-DC 179,SAMN21157785,PRJNA759200,GCA_019890875.1,Complete,2.14991,51.2,chromosome:NZ_CP082359.1/CP082359.1,,1,1983,2021-09-07T00:00:00Z,ftp://ftp.ncbi.nlm.nih.gov/genomes/all/GCA/019/890/875/GCA_019890875.1_ASM1989087v1,ftp://ftp.ncbi.nlm.nih.gov/genomes/all/GCF/019/890/875/GCF_019890875.1_ASM1989087v1
Limosilactobacillus fermentum,Bacteria;Terrabacteria group;Firmicutes,SRCM103285,SAMN10737529,PRJNA514921,GCA_004063515.1,Complete,2.14689,51.3,chromosome:NZ_CP035054.1/CP035054.1,,1,2013,2019-01-20T00:00:00Z,,ftp://ftp.ncbi.nlm.nih.gov/genomes/all/GCF/004/063/515/GCF_004063515.1_ASM406351v1
Limosilactobacillus fermentum,Bacteria;Terrabacteria group;Firmicutes,SRCM 103290,SAMN10738354,PRJNA514937,GCA_004063635.1,Complete,2.12088,51.4,chromosome:NZ_CP035055.1/CP035055.1,,1,1940,2019-01-20T00:00:00Z,,ftp://ftp.ncbi.nlm.nih.gov/genomes/all/GCF/004/063/635/GCF_004063635.1_ASM406363v1
Limosilactobacillus fermentum,Bacteria;Terrabacteria group;Firmicutes,B44,SAMN17214540,PRJNA689682,GCA_016617695.1,Complete,2.11095,51.6,chromosome:NZ_CP067088.1/CP067088.1,,1,1941,2021-01-12T00:00:00Z,ftp://ftp.ncbi.nlm.nih.gov/genomes/all/GCA/016/617/695/GCA_016617695.1_ASM1661769v1,ftp://ftp.ncbi.nlm.nih.gov/genomes/all/GCF/016/617/695/GCF_016617695.1_ASM1661769v1
Limosilactobacillus fermentum,Bacteria;Terrabacteria group;Firmicutes,HFD1,SAMN14470504,PRJNA615901,GCA_012273035.1,Complete,2.10188,51.8,chromosome:NZ_CP050919.1/CP050919.1,,1,1957,2020-04-12T00:00:00Z,ftp://ftp.ncbi.nlm.nih.gov/genomes/all/GCA/012/273/035/GCA_012273035.1_ASM1227303v1,ftp://ftp.ncbi.nlm.nih.gov/genomes/all/GCF/012/273/035/GCF_012273035.1_ASM1227303v1
Limosilactobacillus fermentum,Bacteria;Terrabacteria group;Firmicutes,LfU21,SAMN08290293,PRJNA417365,GCA_002869825.2,Complete,2.1155,51.212,chromosome:NZ_CP103293.1/CP103293.1; plasmid unnamed1:NZ_CP103294.1/CP103294.1,,2,1976,2022-08-23T00:00:00Z,,ftp://ftp.ncbi.nlm.nih.gov/genomes/all/GCF/002/869/825/GCF_002869825.2_ASM286982v2
Limosilactobacillus fermentum,Bacteria;Terrabacteria group;Firmicutes,YLF016,SAMN16987128,PRJNA682291,GCA_018884205.1,Complete,2.09435,51.5,chromosome:NZ_CP065522.1/CP065522.1,,1,1967,2021-06-15T00:00:00Z,ftp://ftp.ncbi.nlm.nih.gov/genomes/all/GCA/018/884/205/GCA_018884205.1_ASM1888420v1,ftp://ftp.ncbi.nlm.nih.gov/genomes/all/GCF/018/884/205/GCF_018884205.1_ASM1888420v1
Limosilactobacillus fermentum,Bacteria;Terrabacteria group;Firmicutes,SK152,SAMN04858206,PRJNA318540,GCA_002242615.1,Complete,2.09227,51.9,chromosome:NZ_CP016803.1/CP016803.1,,1,1967,2017-08-07T00:00:00Z,,ftp://ftp.ncbi.nlm.nih.gov/genomes/all/GCF/002/242/615/GCF_002242615.1_ASM224261v1
Limosilactobacillus fermentum,Bacteria;Terrabacteria group;Firmicutes,IMDO 130101,SAMEA104224050,PRJEB24519,GCA_900205745.1,Complete,2.0892,51.5,chromosome I:NZ_LT906621.1/LT906621.1,,1,1884,2018-02-16T00:00:00Z,ftp://ftp.ncbi.nlm.nih.gov/genomes/all/GCA/900/205/745/GCA_900205745.1_Lf_IMDO_130101,ftp://ftp.ncbi.nlm.nih.gov/genomes/all/GCF/900/205/745/GCF_900205745.1_Lf_IMDO_130101
Limosilactobacillus fermentum,Bacteria;Terrabacteria group;Firmicutes,PMC101,SAMN29861940,PRJNA860760,GCA_024494505.1,Complete,2.08667,51.6,chromosome:NZ_CP101688.1/CP101688.1,,1,1944,2022-07-30T00:00:00Z,,ftp://ftp.ncbi.nlm.nih.gov/genomes/all/GCF/024/494/505/GCF_024494505.1_ASM2449450v1
Limosilactobacillus fermentum,Bacteria;Terrabacteria group;Firmicutes,9-4,SAMN18711544,PRJNA721242,GCA_018732245.1,Complete,2.08563,51.3,chromosome:NZ_CP076082.1/CP076082.1,,1,1956,2021-06-07T00:00:00Z,ftp://ftp.ncbi.nlm.nih.gov/genomes/all/GCA/018/732/245/GCA_018732245.1_ASM1873224v1,ftp://ftp.ncbi.nlm.nih.gov/genomes/all/GCF/018/732/245/GCF_018732245.1_ASM1873224v1
Limosilactobacillus fermentum,Bacteria;Terrabacteria group;Firmicutes,JNU 532,SAMN30472492,PRJNA872884,GCA_024800585.1,Complete,2.07742,51.5,chromosome:NZ_CP103400.1/CP103400.1,,1,1920,2022-08-31T00:00:00Z,,ftp://ftp.ncbi.nlm.nih.gov/genomes/all/GCF/024/800/585/GCF_024800585.1_ASM2480058v1
Limosilactobacillus fermentum,Bacteria;Terrabacteria group;Firmicutes,LAC FRN-92,SAMN07192734,PRJNA389240,GCA_002192435.1,Complete,2.06361,51.8,chromosome:NZ_CP021790.1/CP021790.1,,1,1867,2017-06-13T00:00:00Z,,ftp://ftp.ncbi.nlm.nih.gov/genomes/all/GCF/002/192/435/GCF_002192435.1_ASM219243v1
Limosilactobacillus fermentum,Bacteria;Terrabacteria group;Firmicutes,DM072,SAMN29328592,PRJNA852394,GCA_024054255.2,Complete,2.10474,51.456,chromosome:NZ_CP102714.1/CP102714.1; plasmid pLFDM072:NZ_CP102715.1/CP102715.1,,2,1947,2022-08-23T00:00:00Z,,ftp://ftp.ncbi.nlm.nih.gov/genomes/all/GCF/024/054/255/GCF_024054255.2_ASM2405425v2
Limosilactobacillus fermentum,Bacteria;Terrabacteria group;Firmicutes,LDTM 7301,SAMN05712721,PRJNA340350,GCA_003346795.1,Complete,2.0462,51.7,chromosome:NZ_CP031195.1/CP031195.1,,1,1880,2018-07-31T00:00:00Z,,ftp://ftp.ncbi.nlm.nih.gov/genomes/all/GCF/003/346/795/GCF_003346795.1_ASM334679v1
Limosilactobacillus fermentum,Bacteria;Terrabacteria group;Firmicutes,CBA7106,SAMN07224244,PRJNA390215,GCA_003255875.1,Complete,2.04228,51.7,chromosome:NZ_CP021964.1/CP021964.1,,1,1894,2018-06-18T00:00:00Z,,ftp://ftp.ncbi.nlm.nih.gov/genomes/all/GCF/003/255/875/GCF_003255875.1_ASM325587v1
Limosilactobacillus fermentum,Bacteria;Terrabacteria group;Firmicutes,VHProbi O48,SAMN27397806,PRJNA824242,GCA_024637935.1,Complete,2.03436,51.8,chromosome:NZ_CP095385.1/CP095385.1,,1,1902,2022-08-12T00:00:00Z,,ftp://ftp.ncbi.nlm.nih.gov/genomes/all/GCF/024/637/935/GCF_024637935.1_ASM2463793v1
Limosilactobacillus fermentum,Bacteria;Terrabacteria group;Firmicutes,M4,SAMN23798833,PRJNA787400,GCA_023612195.1,Complete,2.03219,51.7,chromosome:NZ_CP089305.1/CP089305.1,,1,1857,2022-05-31T00:00:00Z,ftp://ftp.ncbi.nlm.nih.gov/genomes/all/GCA/023/612/195/GCA_023612195.1_ASM2361219v1,ftp://ftp.ncbi.nlm.nih.gov/genomes/all/GCF/023/612/195/GCF_023612195.1_ASM2361219v1
Limosilactobacillus fermentum,Bacteria;Terrabacteria group;Firmicutes,L1,SAMN19589998,PRJNA735609,GCA_018866265.1,Complete,2.02275,51.7721,chromosome:NZ_CP076446.1/CP076446.1; plasmid unnamed1:NZ_CP076447.1/CP076447.1,,2,1866,2021-06-14T00:00:00Z,ftp://ftp.ncbi.nlm.nih.gov/genomes/all/GCA/018/866/265/GCA_018866265.1_ASM1886626v1,ftp://ftp.ncbi.nlm.nih.gov/genomes/all/GCF/018/866/265/GCF_018866265.1_ASM1886626v1
Limosilactobacillus fermentum,Bacteria;Terrabacteria group;Firmicutes,ike38,SAMD00268105,PRJDB10981,GCA_016861955.1,Complete,2.00299,52.0522,chromosome:NZ_AP024320.1/AP024320.1; plasmid pike38:NZ_AP024321.1/AP024321.1,,2,1814,2021-01-15T23:03:00Z,ftp://ftp.ncbi.nlm.nih.gov/genomes/all/GCA/016/861/955/GCA_016861955.1_ASM1686195v1,ftp://ftp.ncbi.nlm.nih.gov/genomes/all/GCF/016/861/955/GCF_016861955.1_ASM1686195v1
Limosilactobacillus fermentum,Bacteria;Terrabacteria group;Firmicutes,MTCC 25067,SAMD00073748,PRJDB5494,GCA_002356135.1,Complete,2.01242,51.1759,chromosome:NZ_AP017973.1/AP017973.1; plasmid pLF25067:NZ_AP017974.1/AP017974.1,,2,1762,2017-01-27T23:02:00Z,,ftp://ftp.ncbi.nlm.nih.gov/genomes/all/GCF/002/356/135/GCF_002356135.1_ASM235613v1
Limosilactobacillus fermentum,Bacteria;Terrabacteria group;Firmicutes,NCC2970,SAMN05510874,PRJNA336464,GCA_001742205.1,Complete,1.94987,52.2,chromosome:NZ_CP017151.1/CP017151.1,,1,1812,2016-09-22T00:00:00Z,,ftp://ftp.ncbi.nlm.nih.gov/genomes/all/GCF/001/742/205/GCF_001742205.1_ASM174220v1
Limosilactobacillus fermentum,Bacteria;Terrabacteria group;Firmicutes,AGR1487,SAMN13639333,PRJNA596816,GCA_011032745.1,Complete,1.93903,52.2,chromosome:NZ_CP047585.1/CP047585.1,,1,1814,2020-02-27T00:00:00Z,ftp://ftp.ncbi.nlm.nih.gov/genomes/all/GCA/011/032/745/GCA_011032745.1_ASM1103274v1,ftp://ftp.ncbi.nlm.nih.gov/genomes/all/GCF/011/032/745/GCF_011032745.1_ASM1103274v1
Limosilactobacillus fermentum,Bacteria;Terrabacteria group;Firmicutes,YL-11,SAMN10484493,PRJNA507070,GCA_003860425.1,Complete,1.90853,51.9,chromosome:NZ_CP034193.1/CP034193.1,,1,1718,2018-12-04T00:00:00Z,,ftp://ftp.ncbi.nlm.nih.gov/genomes/all/GCF/003/860/425/GCF_003860425.1_ASM386042v1
Limosilactobacillus fermentum 3872,Bacteria;Terrabacteria group;Firmicutes,3872,SAMN02314197,PRJNA213970,GCA_000466785.3,Complete,2.33049,50.5599,chromosome:NZ_CP011536.1/CP011536.1; plasmid pLF3872:NZ_CP011537.1/CP011537.1,,2,2188,2015-06-17T00:00:00Z,ftp://ftp.ncbi.nlm.nih.gov/genomes/all/GCA/000/466/785/GCA_000466785.3_ASM46678v3,ftp://ftp.ncbi.nlm.nih.gov/genomes/all/GCF/000/466/785/GCF_000466785.3_ASM46678v3
Limosilactobacillus fermentum IFO 3956,Bacteria;Terrabacteria group;Firmicutes,IFO 3956,SAMD00060917,PRJDA18979,GCA_000010145.1,Complete,2.09869,51.5,chromosome:NC_010610.1/AP008937.1,,1,1968,2008-04-15T23:03:00Z,ftp://ftp.ncbi.nlm.nih.gov/genomes/all/GCA/000/010/145/GCA_000010145.1_ASM1014v1,ftp://ftp.ncbi.nlm.nih.gov/genomes/all/GCF/000/010/145/GCF_000010145.1_ASM1014v1
Limosilactobacillus fermentum F-6,Bacteria;Terrabacteria group;Firmicutes,F-6,SAMN02603935,PRJNA49143,GCA_000397165.1,Complete,2.06462,51.7,chromosome:NC_021235.1/CP005958.1,,1,1896,2013-05-16T00:00:00Z,ftp://ftp.ncbi.nlm.nih.gov/genomes/all/GCA/000/397/165/GCA_000397165.1_ASM39716v1,ftp://ftp.ncbi.nlm.nih.gov/genomes/all/GCF/000/397/165/GCF_000397165.1_ASM39716v1
Limosilactobacillus fermentum,Bacteria;Terrabacteria group;Firmicutes,B1 28,SAMN09475314,PRJNA477598,GCA_005341425.1, Chromosome,1.90559,52.3,chromosome:NZ_CP039750.1/CP039750.1,,1,1769,2019-05-14T00:00:00Z,,ftp://ftp.ncbi.nlm.nih.gov/genomes/all/GCF/005/341/425/GCF_005341425.1_ASM534142v1
Limosilactobacillus fermentum,Bacteria;Terrabacteria group;Firmicutes,DSM 20052,SAMN11893902,PRJNA545488,GCA_013394085.1, Chromosome,1.88797,52.5,chromosome:NZ_CP040910.1/CP040910.1,,1,1748,2020-07-08T00:00:00Z,ftp://ftp.ncbi.nlm.nih.gov/genomes/all/GCA/013/394/085/GCA_013394085.1_ASM1339408v1,ftp://ftp.ncbi.nlm.nih.gov/genomes/all/GCF/013/394/085/GCF_013394085.1_ASM1339408v1
Limosilactobacillus fermentum,Bacteria;Terrabacteria group;Firmicutes,858,SAMN21155303,PRJNA759057,GCA_025809275.1, Chromosome,2.1818,51.3,chromosome:NZ_CP082946.1/CP082946.1,,1,1992,2022-10-24T00:00:00Z,,ftp://ftp.ncbi.nlm.nih.gov/genomes/all/GCF/025/809/275/GCF_025809275.1_ASM2580927v1
Limosilactobacillus fermentum,Bacteria;Terrabacteria group;Firmicutes,AGA52,SAMN25042641,PRJNA797952,GCA_021582915.1, Chromosome,2.00118,51.8,chromosome:NZ_CP091132.1/CP091132.1,,1,1873,2022-01-25T00:00:00Z,ftp://ftp.ncbi.nlm.nih.gov/genomes/all/GCA/021/582/915/GCA_021582915.1_ASM2158291v1,ftp://ftp.ncbi.nlm.nih.gov/genomes/all/GCF/021/582/915/GCF_021582915.1_ASM2158291v1
Limosilactobacillus fermentum,Bacteria;Terrabacteria group;Firmicutes,MTCC 5898,SAMN10868412,PRJNA520814,GCA_004208815.1, Chromosome,2.09869,52.1,chromosome:NZ_CP035904.1/CP035904.1,,1,1662,2019-02-18T00:00:00Z,,ftp://ftp.ncbi.nlm.nih.gov/genomes/all/GCF/004/208/815/GCF_004208815.1_ASM420881v1
Limosilactobacillus fermentum,Bacteria;Terrabacteria group;Firmicutes,47-7,SAMN05893390,PRJNA347617,GCA_001854105.1, Chromosome,2.09869,52.2,chromosome:NZ_CP017712.1/CP017712.1,,1,1718,2016-10-26T00:00:00Z,,ftp://ftp.ncbi.nlm.nih.gov/genomes/all/GCF/001/854/105/GCF_001854105.1_ASM185410v1
Limosilactobacillus fermentum,Bacteria;Terrabacteria group;Firmicutes,LfQi6,SAMN03372370,PRJNA276297,GCA_000966835.2, Chromosome,2.09851,52.1,chromosome:NZ_CP025592.1/CP025592.1,,1,1690,2018-01-02T00:00:00Z,ftp://ftp.ncbi.nlm.nih.gov/genomes/all/GCA/000/966/835/GCA_000966835.2_ASM96683v2,ftp://ftp.ncbi.nlm.nih.gov/genomes/all/GCF/000/966/835/GCF_000966835.2_ASM96683v2
Limosilactobacillus fermentum,Bacteria;Terrabacteria group;Firmicutes,DSM 20055,SAMN02797777,PRJNA222257,GCA_001436835.1,Scaffold,1.90005,52.4,,JQAU01,102,1777,2015-11-06T00:00:00Z,,ftp://ftp.ncbi.nlm.nih.gov/genomes/all/GCF/001/436/835/GCF_001436835.1_ASM143683v1
Limosilactobacillus fermentum ATCC 14931,Bacteria;Terrabacteria group;Firmicutes,ATCC 14931,SAMN00001473,PRJNA31485,GCA_000159215.1,Scaffold,1.86701,52.6,,ACGI01,74,1708,2009-02-12T00:00:00Z,ftp://ftp.ncbi.nlm.nih.gov/genomes/all/GCA/000/159/215/GCA_000159215.1_ASM15921v1,ftp://ftp.ncbi.nlm.nih.gov/genomes/all/GCF/000/159/215/GCF_000159215.1_ASM15921v1
Limosilactobacillus fermentum,Bacteria;Terrabacteria group;Firmicutes,URCS 11,SAMN28052912,PRJNA834610,GCA_024137685.1,Contig,2.0872,0,,JAMKCD01,14,0,2022-07-05T00:00:00Z,,ftp://ftp.ncbi.nlm.nih.gov/genomes/all/GCF/024/137/685/GCF_024137685.1_ASM2413768v1
Limosilactobacillus fermentum,Bacteria;Terrabacteria group;Firmicutes,01-B1,SAMD00270997,PRJDB11003,GCA_016861465.1,Contig,2.00172,51.9,,BOLH01,54,1884,2021-01-14T21:27:00Z,ftp://ftp.ncbi.nlm.nih.gov/genomes/all/GCA/016/861/465/GCA_016861465.1_ASM1686146v1,ftp://ftp.ncbi.nlm.nih.gov/genomes/all/GCF/016/861/465/GCF_016861465.1_ASM1686146v1
Limosilactobacillus fermentum,Bacteria;Terrabacteria group;Firmicutes,39,SAMN03452287,PRJNA279953,GCA_001010185.1,Contig,1.82966,51.6,,LBDG01,55,1742,2015-05-18T00:00:00Z,,ftp://ftp.ncbi.nlm.nih.gov/genomes/all/GCF/001/010/185/GCF_001010185.1_ASM101018v1
Limosilactobacillus fermentum,Bacteria;Terrabacteria group;Firmicutes,CRL1446,SAMN08355059,PRJNA429654,GCA_002899655.1,Contig,2.14878,51.4,,POTQ01,56,2059,2018-01-25T00:00:00Z,,ftp://ftp.ncbi.nlm.nih.gov/genomes/all/GCF/002/899/655/GCF_002899655.1_ASM289965v1
Limosilactobacillus fermentum,Bacteria;Terrabacteria group;Firmicutes,D12,SAMN10319712,PRJNA388578,GCA_009914845.1,Scaffold,2.01634,52,,RHMA01,29,1932,2020-01-22T00:00:00Z,,ftp://ftp.ncbi.nlm.nih.gov/genomes/all/GCF/009/914/845/GCF_009914845.1_ASM991484v1
Limosilactobacillus fermentum,Bacteria;Terrabacteria group;Firmicutes,222,SAMEA3158475,PRJEB5182,GCA_001368755.1,Contig,1.95041,52.1,,CBZV01,73,1864,2015-03-15T00:00:00Z,,ftp://ftp.ncbi.nlm.nih.gov/genomes/all/GCF/001/368/755/GCF_001368755.1_LF_newbler2.7
Limosilactobacillus fermentum,Bacteria;Terrabacteria group;Firmicutes,AF15-40LB,SAMN09734289,PRJNA482748,GCA_003464285.1,Scaffold,1.96819,52,,QRYM01,80,1872,2018-09-06T00:00:00Z,,ftp://ftp.ncbi.nlm.nih.gov/genomes/all/GCF/003/464/285/GCF_003464285.1_ASM346428v1
Limosilactobacillus fermentum,Bacteria;Terrabacteria group;Firmicutes,QAULFN62,SAMN20114174,PRJNA744373,GCA_022509335.1,Scaffold,1.96819,52,,JAJAOU01,80,1865,2022-03-07T00:00:00Z,ftp://ftp.ncbi.nlm.nih.gov/genomes/all/GCA/022/509/335/GCA_022509335.1_ASM2250933v1,ftp://ftp.ncbi.nlm.nih.gov/genomes/all/GCF/022/509/335/GCF_022509335.1_ASM2250933v1
Limosilactobacillus fermentum,Bacteria;Terrabacteria group;Firmicutes,MGYG-HGUT-00166,SAMEA5849667,PRJEB33885,GCA_902363965.1,Scaffold,1.96819,52,,CABJBV01,80,1865,2019-08-12T00:00:00Z,ftp://ftp.ncbi.nlm.nih.gov/genomes/all/GCA/902/363/965/GCA_902363965.1_MGYG-HGUT-00166,ftp://ftp.ncbi.nlm.nih.gov/genomes/all/GCF/902/363/965/GCF_902363965.1_MGYG-HGUT-00166
Limosilactobacillus fermentum,Bacteria;Terrabacteria group;Firmicutes,CIRM-BIA 2155,SAMN10365391,PRJNA503586,GCA_025191645.1,Scaffold,2.10949,51.8,,RIRF01,78,1965,2022-09-13T00:00:00Z,,ftp://ftp.ncbi.nlm.nih.gov/genomes/all/GCF/025/191/645/GCF_025191645.1_ASM2519164v1
Limosilactobacillus fermentum,Bacteria;Terrabacteria group;Firmicutes,FUA3588,SAMN11109659,PRJNA526935,GCA_004683835.1,Scaffold,2.02403,51.7,,SMZI01,91,1897,2019-04-05T00:00:00Z,,ftp://ftp.ncbi.nlm.nih.gov/genomes/all/GCF/004/683/835/GCF_004683835.1_ASM468383v1
Limosilactobacillus fermentum,Bacteria;Terrabacteria group;Firmicutes,SHI-2,SAMN07267218,PRJNA391358,GCA_002591935.1,Contig,1.93798,52.1,,NJPQ01,93,1847,2017-10-19T00:00:00Z,,ftp://ftp.ncbi.nlm.nih.gov/genomes/all/GCF/002/591/935/GCF_002591935.1_ASM259193v1
Limosilactobacillus fermentum,Bacteria;Terrabacteria group;Firmicutes,S6,SAMEA80264668,PRJEB19181,GCA_900163585.1,Contig,1.91136,52.3,,FUHZ01,82,1804,2017-02-11T00:00:00Z,ftp://ftp.ncbi.nlm.nih.gov/genomes/all/GCA/900/163/585/GCA_900163585.1_LFS6,ftp://ftp.ncbi.nlm.nih.gov/genomes/all/GCF/900/163/585/GCF_900163585.1_LFS6
Limosilactobacillus fermentum,Bacteria;Terrabacteria group;Firmicutes,S13,SAMEA80310418,PRJEB19182,GCA_900163595.1,Contig,1.91521,52.3,,FUHY01,85,1798,2017-02-11T00:00:00Z,ftp://ftp.ncbi.nlm.nih.gov/genomes/all/GCA/900/163/595/GCA_900163595.1_ASM90016359v1,ftp://ftp.ncbi.nlm.nih.gov/genomes/all/GCF/900/163/595/GCF_900163595.1_ASM90016359v1
Limosilactobacillus fermentum,Bacteria;Terrabacteria group;Firmicutes,103,SAMN07985466,PRJNA417365,GCA_002794375.1,Contig,2.04824,51.8,,PGGE01,110,1960,2017-11-20T00:00:00Z,,ftp://ftp.ncbi.nlm.nih.gov/genomes/all/GCF/002/794/375/GCF_002794375.1_ASM279437v1
Limosilactobacillus fermentum,Bacteria;Terrabacteria group;Firmicutes,L13,SAMN10906232,PRJNA521581,GCA_012070605.1,Scaffold,1.94721,52.6,,SHMZ01,146,1877,2020-04-06T00:00:00Z,ftp://ftp.ncbi.nlm.nih.gov/genomes/all/GCA/012/070/605/GCA_012070605.1_ASM1207060v1,ftp://ftp.ncbi.nlm.nih.gov/genomes/all/GCF/012/070/605/GCF_012070605.1_ASM1207060v1
Limosilactobacillus fermentum,Bacteria;Terrabacteria group;Firmicutes,279,SAMN08014151,PRJNA417365,GCA_002794275.1,Contig,1.98327,52,,PGGI01,108,1896,2017-11-20T00:00:00Z,,ftp://ftp.ncbi.nlm.nih.gov/genomes/all/GCF/002/794/275/GCF_002794275.1_ASM279427v1
Limosilactobacillus fermentum,Bacteria;Terrabacteria group;Firmicutes,KHUD_007,SAMN29815206,PRJNA860016,GCA_024385625.1,Scaffold,1.99354,52.2,,JANFGS01,124,1910,2022-07-24T00:00:00Z,,ftp://ftp.ncbi.nlm.nih.gov/genomes/all/GCF/024/385/625/GCF_024385625.1_ASM2438562v1
Limosilactobacillus fermentum,Bacteria;Terrabacteria group;Firmicutes,17SD-2,SAMN31222265,PRJNA888851,GCA_025780195.1,Scaffold,1.93101,52.1,,JAOXFH01,189,1873,2022-10-20T00:00:00Z,,ftp://ftp.ncbi.nlm.nih.gov/genomes/all/GCF/025/780/195/GCF_025780195.1_ASM2578019v1
Limosilactobacillus fermentum,Bacteria;Terrabacteria group;Firmicutes,DS19_7,SAMN05942014,PRJNA336518,GCA_003053105.1,Contig,2.016,51.6,,QAZV01,190,1879,2018-04-17T00:00:00Z,,ftp://ftp.ncbi.nlm.nih.gov/genomes/all/GCF/003/053/105/GCF_003053105.1_ASM305310v1
Limosilactobacillus fermentum,Bacteria;Terrabacteria group;Firmicutes,311,SAMN08014154,PRJNA417365,GCA_002794315.1,Contig,2.04311,51.8,,PGGJ01,111,1946,2017-11-20T00:00:00Z,,ftp://ftp.ncbi.nlm.nih.gov/genomes/all/GCF/002/794/315/GCF_002794315.1_ASM279431v1
Limosilactobacillus fermentum,Bacteria;Terrabacteria group;Firmicutes,317,SAMN13056196,PRJNA578299,GCA_009362835.1,Contig,1.92474,51.5,,WHOF01,144,1747,2019-10-26T00:00:00Z,,ftp://ftp.ncbi.nlm.nih.gov/genomes/all/GCF/009/362/835/GCF_009362835.1_ASM936283v1
Limosilactobacillus fermentum,Bacteria;Terrabacteria group;Firmicutes,CECT 9269,SAMEA104569778,PRJEB24713,GCA_900290185.1,Contig,2.07907,51.7,,OKQY01,129,1996,2018-03-01T00:00:00Z,ftp://ftp.ncbi.nlm.nih.gov/genomes/all/GCA/900/290/185/GCA_900290185.1_L_fermentum_CECT_9269_Spades_Prokka,ftp://ftp.ncbi.nlm.nih.gov/genomes/all/GCF/900/290/185/GCF_900290185.1_L_fermentum_CECT_9269_Spades_Prokka
Limosilactobacillus fermentum,Bacteria;Terrabacteria group;Firmicutes,Lb1,SAMN15454221,PRJNA644208,GCA_022844685.1,Scaffold,1.90337,52.3,,JACBJN01,141,1815,2022-04-08T00:00:00Z,ftp://ftp.ncbi.nlm.nih.gov/genomes/all/GCA/022/844/685/GCA_022844685.1_ASM2284468v1,ftp://ftp.ncbi.nlm.nih.gov/genomes/all/GCF/022/844/685/GCF_022844685.1_ASM2284468v1
Limosilactobacillus fermentum,Bacteria;Terrabacteria group;Firmicutes,ING8,SAMN23575918,PRJNA785757,GCA_021128975.1,Contig,1.98138,51.3,,JAJOHX01,158,1893,2021-12-08T00:00:00Z,ftp://ftp.ncbi.nlm.nih.gov/genomes/all/GCA/021/128/975/GCA_021128975.1_ASM2112897v1,ftp://ftp.ncbi.nlm.nih.gov/genomes/all/GCF/021/128/975/GCF_021128975.1_ASM2112897v1
Limosilactobacillus fermentum,Bacteria;Terrabacteria group;Firmicutes,S30,SAMN10869160,PRJNA520885,GCA_011420355.1,Contig,2.15926,51.2,,SEMJ01,194,2005,2020-03-18T00:00:00Z,ftp://ftp.ncbi.nlm.nih.gov/genomes/all/GCA/011/420/355/GCA_011420355.1_ASM1142035v1,ftp://ftp.ncbi.nlm.nih.gov/genomes/all/GCF/011/420/355/GCF_011420355.1_ASM1142035v1
Limosilactobacillus fermentum,Bacteria;Terrabacteria group;Firmicutes,IM863,SAMEA11998734,PRJEB49530,GCA_925284415.1,Contig,2.12942,51.4,,CAKMAZ01,344,2039,2022-06-10T00:00:00Z,ftp://ftp.ncbi.nlm.nih.gov/genomes/all/GCA/925/284/415/GCA_925284415.1_IM863,ftp://ftp.ncbi.nlm.nih.gov/genomes/all/GCF/925/284/415/GCF_925284415.1_IM863
Limosilactobacillus fermentum,Bacteria;Terrabacteria group;Firmicutes,L18,SAMN10906314,PRJNA521583,GCA_012070625.1,Scaffold,2.11319,52,,SHNA01,426,2064,2020-04-06T00:00:00Z,ftp://ftp.ncbi.nlm.nih.gov/genomes/all/GCA/012/070/625/GCA_012070625.1_ASM1207062v1,ftp://ftp.ncbi.nlm.nih.gov/genomes/all/GCF/012/070/625/GCF_012070625.1_ASM1207062v1
Limosilactobacillus fermentum,Bacteria;Terrabacteria group;Firmicutes,UC3641,SAMN11026760,PRJNA524466,GCA_014926345.1,Contig,1.98819,51.6,,SJJV01,198,1835,2020-10-23T00:00:00Z,ftp://ftp.ncbi.nlm.nih.gov/genomes/all/GCA/014/926/345/GCA_014926345.1_ASM1492634v1,ftp://ftp.ncbi.nlm.nih.gov/genomes/all/GCF/014/926/345/GCF_014926345.1_ASM1492634v1
Limosilactobacillus fermentum,Bacteria;Terrabacteria group;Firmicutes,CVM-347,SAMN14329897,PRJNA610980,GCA_011290755.1,Scaffold,2.0915,52.5,,JAANTB01,415,2023,2020-03-15T00:00:00Z,ftp://ftp.ncbi.nlm.nih.gov/genomes/all/GCA/011/290/755/GCA_011290755.1_ASM1129075v1,ftp://ftp.ncbi.nlm.nih.gov/genomes/all/GCF/011/290/755/GCF_011290755.1_ASM1129075v1
Limosilactobacillus fermentum,Bacteria;Terrabacteria group;Firmicutes,CIRM-BIA 2151,SAMN10365396,PRJNA503586,GCA_025191585.1,Contig,1.97869,51.6,,RIRA01,163,1908,2022-09-13T00:00:00Z,,ftp://ftp.ncbi.nlm.nih.gov/genomes/all/GCF/025/191/585/GCF_025191585.1_ASM2519158v1
Limosilactobacillus fermentum,Bacteria;Terrabacteria group;Firmicutes,CECT5716,SAMN09703412,PRJNA482323,GCA_020520555.1,Contig,2.20699,51.1,,QQTK01,331,2184,2021-10-18T00:00:00Z,ftp://ftp.ncbi.nlm.nih.gov/genomes/all/GCA/020/520/555/GCA_020520555.1_ASM2052055v1,ftp://ftp.ncbi.nlm.nih.gov/genomes/all/GCF/020/520/555/GCF_020520555.1_ASM2052055v1
Limosilactobacillus fermentum,Bacteria;Terrabacteria group;Firmicutes,DS13_7,SAMN05942013,PRJNA336518,GCA_003061865.1,Contig,1.99965,51.8,,QAHK01,179,1846,2018-04-14T00:00:00Z,,ftp://ftp.ncbi.nlm.nih.gov/genomes/all/GCF/003/061/865/GCF_003061865.1_ASM306186v1
Limosilactobacillus fermentum,Bacteria;Terrabacteria group;Firmicutes,QAULFN53,SAMN20114170,PRJNA744373,GCA_022509445.1,Scaffold,2.07754,51.7,,JAJAOQ01,170,1989,2022-03-07T00:00:00Z,ftp://ftp.ncbi.nlm.nih.gov/genomes/all/GCA/022/509/445/GCA_022509445.1_ASM2250944v1,ftp://ftp.ncbi.nlm.nih.gov/genomes/all/GCF/022/509/445/GCF_022509445.1_ASM2250944v1
Limosilactobacillus fermentum,Bacteria;Terrabacteria group;Firmicutes,712,SAMN10365685,PRJNA503586,GCA_025186015.1,Contig,1.98664,52.1,,RIHH01,170,1888,2022-09-13T00:00:00Z,,ftp://ftp.ncbi.nlm.nih.gov/genomes/all/GCF/025/186/015/GCF_025186015.1_ASM2518601v1
Limosilactobacillus fermentum,Bacteria;Terrabacteria group;Firmicutes,AF16-22LB,SAMN09734308,PRJNA482748,GCA_003462755.1,Scaffold,1.99699,51.9,,QRYA01,104,1903,2018-09-06T00:00:00Z,,ftp://ftp.ncbi.nlm.nih.gov/genomes/all/GCF/003/462/755/GCF_003462755.1_ASM346275v1
Limosilactobacillus fermentum,Bacteria;Terrabacteria group;Firmicutes,FUA3582,SAMN21223652,PRJNA526935,GCA_020844625.1,Scaffold,1.92101,52,,JAIRBV01,115,1777,2021-11-12T00:00:00Z,ftp://ftp.ncbi.nlm.nih.gov/genomes/all/GCA/020/844/625/GCA_020844625.1_ASM2084462v1,ftp://ftp.ncbi.nlm.nih.gov/genomes/all/GCF/020/844/625/GCF_020844625.1_ASM2084462v1
Limosilactobacillus fermentum,Bacteria;Terrabacteria group;Firmicutes,QAULFN21,SAMN20114169,PRJNA744373,GCA_022509425.1,Scaffold,1.86701,52.7,,JAJAOP01,74,1694,2022-03-07T00:00:00Z,ftp://ftp.ncbi.nlm.nih.gov/genomes/all/GCA/022/509/425/GCA_022509425.1_ASM2250942v1,ftp://ftp.ncbi.nlm.nih.gov/genomes/all/GCF/022/509/425/GCF_022509425.1_ASM2250942v1
Limosilactobacillus fermentum,Bacteria;Terrabacteria group;Firmicutes,90 TC-4,SAMN03452288,PRJNA279953,GCA_001010245.1,Contig,1.82248,51.9,,LBDH01,93,1727,2015-05-18T00:00:00Z,,ftp://ftp.ncbi.nlm.nih.gov/genomes/all/GCF/001/010/245/GCF_001010245.1_ASM101024v1
Limosilactobacillus fermentum,Bacteria;Terrabacteria group;Firmicutes,BIO6529,SAMN12856542,PRJNA574342,GCA_008868475.1,Contig,2.12704,51.4,,WBNW01,229,2043,2019-10-07T00:00:00Z,,ftp://ftp.ncbi.nlm.nih.gov/genomes/all/GCF/008/868/475/GCF_008868475.1_ASM886847v1
Limosilactobacillus fermentum,Bacteria;Terrabacteria group;Firmicutes,NBRC 3959,SAMD00093696,PRJDB6022,GCA_006538825.1,Contig,1.93189,52.1,,BJLV01,146,1858,2019-06-12T21:14:00Z,,ftp://ftp.ncbi.nlm.nih.gov/genomes/all/GCF/006/538/825/GCF_006538825.1_ASM653882v1
Limosilactobacillus fermentum,Bacteria;Terrabacteria group;Firmicutes,KUB-D18,SAMN28158841,PRJNA836376,GCA_023370755.1,Scaffold,1.95408,52,,JAMCCN01,85,1844,2022-05-15T00:00:00Z,ftp://ftp.ncbi.nlm.nih.gov/genomes/all/GCA/023/370/755/GCA_023370755.1_ASM2337075v1,ftp://ftp.ncbi.nlm.nih.gov/genomes/all/GCF/023/370/755/GCF_023370755.1_ASM2337075v1
Limosilactobacillus fermentum,Bacteria;Terrabacteria group;Firmicutes,BFE 6620,SAMN07246874,PRJNA390617,GCA_002204495.1,Scaffold,1.98289,52.1,,NIWV01,149,1873,2017-06-21T00:00:00Z,,ftp://ftp.ncbi.nlm.nih.gov/genomes/all/GCF/002/204/495/GCF_002204495.1_ASM220449v1
Limosilactobacillus fermentum,Bacteria;Terrabacteria group;Firmicutes,KMB_612,SAMN09398944,PRJNA474823,GCA_003346325.1,Contig,1.91568,52.2,,QMJL01,129,1831,2018-07-30T00:00:00Z,,ftp://ftp.ncbi.nlm.nih.gov/genomes/all/GCF/003/346/325/GCF_003346325.1_ASM334632v1
Limosilactobacillus fermentum,Bacteria;Terrabacteria group;Firmicutes,FAM 19471,SAMN11653939,PRJNA543085,GCA_005864145.1,Contig,2.03647,51.5,,VBST01,211,1981,2019-05-23T00:00:00Z,,ftp://ftp.ncbi.nlm.nih.gov/genomes/all/GCF/005/864/145/GCF_005864145.1_ASM586414v1
Limosilactobacillus fermentum,Bacteria;Terrabacteria group;Firmicutes,RI-508,SAMN05717758,PRJNA343164,GCA_001982185.1,Scaffold,1.91526,52.2,,MKGE01,74,1818,2017-02-01T00:00:00Z,,ftp://ftp.ncbi.nlm.nih.gov/genomes/all/GCF/001/982/185/GCF_001982185.1_ASM198218v1
Limosilactobacillus fermentum,Bacteria;Terrabacteria group;Firmicutes,KMB_613,SAMN09398945,PRJNA474823,GCA_003346315.1,Contig,2.00512,52.1,,QMJM01,131,1955,2018-07-30T00:00:00Z,,ftp://ftp.ncbi.nlm.nih.gov/genomes/all/GCF/003/346/315/GCF_003346315.1_ASM334631v1
Limosilactobacillus fermentum,Bacteria;Terrabacteria group;Firmicutes,UMB0187,SAMN08193695,PRJNA316969,GCA_002863265.1,Scaffold,1.96929,52.1,,PKKD01,117,1881,2018-01-04T00:00:00Z,,ftp://ftp.ncbi.nlm.nih.gov/genomes/all/GCF/002/863/265/GCF_002863265.1_ASM286326v1
Limosilactobacillus fermentum,Bacteria;Terrabacteria group;Firmicutes,998,SAMN10365688,PRJNA503586,GCA_025185825.1,Contig,2.02086,51.6,,RIHF01,206,1885,2022-09-13T00:00:00Z,,ftp://ftp.ncbi.nlm.nih.gov/genomes/all/GCF/025/185/825/GCF_025185825.1_ASM2518582v1
Limosilactobacillus fermentum,Bacteria;Terrabacteria group;Firmicutes,CIRM-BIA 2157,SAMN10365394,PRJNA503586,GCA_025191625.1,Contig,1.96479,52,,RIRC01,179,1851,2022-09-13T00:00:00Z,,ftp://ftp.ncbi.nlm.nih.gov/genomes/all/GCF/025/191/625/GCF_025191625.1_ASM2519162v1
Limosilactobacillus fermentum,Bacteria;Terrabacteria group;Firmicutes,LAB1,SAMN23636590,PRJNA786104,GCA_021278125.1,Contig,2.01163,51.9,,JAJTII01,221,1889,2021-12-23T00:00:00Z,ftp://ftp.ncbi.nlm.nih.gov/genomes/all/GCA/021/278/125/GCA_021278125.1_ASM2127812v1,ftp://ftp.ncbi.nlm.nih.gov/genomes/all/GCF/021/278/125/GCF_021278125.1_ASM2127812v1
Limosilactobacillus fermentum,Bacteria;Terrabacteria group;Firmicutes,ATCC 23271,SAMN19117288,PRJNA729474,GCA_018398375.1,Contig,2.19333,50.9,,JAHBRU01,223,2183,2021-05-18T00:00:00Z,ftp://ftp.ncbi.nlm.nih.gov/genomes/all/GCA/018/398/375/GCA_018398375.1_ASM1839837v1,ftp://ftp.ncbi.nlm.nih.gov/genomes/all/GCF/018/398/375/GCF_018398375.1_ASM1839837v1
Limosilactobacillus fermentum,Bacteria;Terrabacteria group;Firmicutes,CIRM-BIA 2152,SAMN10365397,PRJNA503586,GCA_025191565.1,Contig,2.1912,51.2,,RIQZ01,234,2126,2022-09-13T00:00:00Z,,ftp://ftp.ncbi.nlm.nih.gov/genomes/all/GCF/025/191/565/GCF_025191565.1_ASM2519156v1
Limosilactobacillus fermentum,Bacteria;Terrabacteria group;Firmicutes,CIRM-BIA 2220,SAMN10365214,PRJNA503586,GCA_025122575.1,Contig,1.93134,52.2,,RIDC01,182,1847,2022-09-10T00:00:00Z,,ftp://ftp.ncbi.nlm.nih.gov/genomes/all/GCF/025/122/575/GCF_025122575.1_ASM2512257v1
Limosilactobacillus fermentum,Bacteria;Terrabacteria group;Firmicutes,fsol_strainB,SAMEA110266501,PRJEB52385,GCA_945190275.1,Contig,2.08624,51.5,,CALYNG01,418,1961,2022-09-03T00:00:00Z,ftp://ftp.ncbi.nlm.nih.gov/genomes/all/GCA/945/190/275/GCA_945190275.1_fsol_strainB,ftp://ftp.ncbi.nlm.nih.gov/genomes/all/GCF/945/190/275/GCF_945190275.1_fsol_strainB
Limosilactobacillus fermentum,Bacteria;Terrabacteria group;Firmicutes,790,SAMN10365687,PRJNA503586,GCA_025185985.1,Contig,2.08137,51.2,,RIHG01,251,1978,2022-09-13T00:00:00Z,,ftp://ftp.ncbi.nlm.nih.gov/genomes/all/GCF/025/185/985/GCF_025185985.1_ASM2518598v1
Limosilactobacillus fermentum,Bacteria;Terrabacteria group;Firmicutes,FUA3589,SAMN11119341,PRJNA526935,GCA_004683795.1,Scaffold,2.07994,51.5,,SMZH01,123,1895,2019-04-05T00:00:00Z,,ftp://ftp.ncbi.nlm.nih.gov/genomes/all/GCF/004/683/795/GCF_004683795.1_ASM468379v1
Limosilactobacillus fermentum,Bacteria;Terrabacteria group;Firmicutes,CIRM-BIA 2221,SAMN10365213,PRJNA503586,GCA_025122475.1,Contig,2.01059,51.8,,RIDD01,229,1909,2022-09-09T00:00:00Z,,ftp://ftp.ncbi.nlm.nih.gov/genomes/all/GCF/025/122/475/GCF_025122475.1_ASM2512247v1
Limosilactobacillus fermentum,Bacteria;Terrabacteria group;Firmicutes,fsol_strainC,SAMEA110266502,PRJEB52385,GCA_945190205.1,Contig,2.31758,51.3,,CALYNF01,661,2335,2022-09-03T00:00:00Z,ftp://ftp.ncbi.nlm.nih.gov/genomes/all/GCA/945/190/205/GCA_945190205.1_fsol_strainC,ftp://ftp.ncbi.nlm.nih.gov/genomes/all/GCF/945/190/205/GCF_945190205.1_fsol_strainC
Limosilactobacillus fermentum,Bacteria;Terrabacteria group;Firmicutes,LF2,SAMN09435684,PRJNA476494,GCA_003261135.1,Scaffold,2.04751,51.7,,QLNN01,250,1983,2018-06-24T00:00:00Z,,ftp://ftp.ncbi.nlm.nih.gov/genomes/all/GCF/003/261/135/GCF_003261135.1_ASM326113v1
Limosilactobacillus fermentum,Bacteria;Terrabacteria group;Firmicutes,1019,SAMN10365689,PRJNA503586,GCA_025185835.1,Contig,1.70669,52.6,,RIHE01,154,1571,2022-09-13T00:00:00Z,,ftp://ftp.ncbi.nlm.nih.gov/genomes/all/GCF/025/185/835/GCF_025185835.1_ASM2518583v1
Limosilactobacillus fermentum,Bacteria;Terrabacteria group;Firmicutes,QAULFN64,SAMN20114175,PRJNA744373,GCA_022509325.1,Scaffold,1.90005,52.4,,JAJAOV01,102,1777,2022-03-07T00:00:00Z,ftp://ftp.ncbi.nlm.nih.gov/genomes/all/GCA/022/509/325/GCA_022509325.1_ASM2250932v1,ftp://ftp.ncbi.nlm.nih.gov/genomes/all/GCF/022/509/325/GCF_022509325.1_ASM2250932v1
Limosilactobacillus fermentum,Bacteria;Terrabacteria group;Firmicutes,QAULFN56,SAMN20114173,PRJNA744373,GCA_022509365.1,Scaffold,1.90005,52.4,,JAJAOT01,102,1777,2022-03-07T00:00:00Z,ftp://ftp.ncbi.nlm.nih.gov/genomes/all/GCA/022/509/365/GCA_022509365.1_ASM2250936v1,ftp://ftp.ncbi.nlm.nih.gov/genomes/all/GCF/022/509/365/GCF_022509365.1_ASM2250936v1
Limosilactobacillus fermentum,Bacteria;Terrabacteria group;Firmicutes,CIRM-BIA 866,SAMN10365400,PRJNA503586,GCA_025191505.1,Contig,2.03413,51.8,,RIQW01,218,1956,2022-09-13T00:00:00Z,,ftp://ftp.ncbi.nlm.nih.gov/genomes/all/GCF/025/191/505/GCF_025191505.1_ASM2519150v1
Limosilactobacillus fermentum,Bacteria;Terrabacteria group;Firmicutes,447,SAMN10365681,PRJNA503586,GCA_025211175.1,Scaffold,2.03088,51.5,,RIVD01,238,1903,2022-09-14T00:00:00Z,,ftp://ftp.ncbi.nlm.nih.gov/genomes/all/GCF/025/211/175/GCF_025211175.1_ASM2521117v1
Limosilactobacillus fermentum,Bacteria;Terrabacteria group;Firmicutes,NKN-51,SAMN17885229,PRJNA701539,GCA_016918895.1,Scaffold,1.8797,51.7,,JAFFRK01,100,1720,2021-02-22T00:00:00Z,ftp://ftp.ncbi.nlm.nih.gov/genomes/all/GCA/016/918/895/GCA_016918895.1_ASM1691889v1,ftp://ftp.ncbi.nlm.nih.gov/genomes/all/GCF/016/918/895/GCF_016918895.1_ASM1691889v1
Limosilactobacillus fermentum,Bacteria;Terrabacteria group;Firmicutes,CIRM-BIA 1951,SAMN10365384,PRJNA503586,GCA_025191825.1,Contig,1.90325,52.3,,RIRM01,201,1783,2022-09-13T00:00:00Z,,ftp://ftp.ncbi.nlm.nih.gov/genomes/all/GCF/025/191/825/GCF_025191825.1_ASM2519182v1
Limosilactobacillus fermentum,Bacteria;Terrabacteria group;Firmicutes,NCDC 400,SAMN07510693,PRJNA398455,GCA_002798075.1,Scaffold,1.89598,51.6,,PDKX01,138,1754,2017-11-28T00:00:00Z,,ftp://ftp.ncbi.nlm.nih.gov/genomes/all/GCF/002/798/075/GCF_002798075.1_ASM279807v1
Limosilactobacillus fermentum,Bacteria;Terrabacteria group;Firmicutes,CIRM-BIA 2154,SAMN10365392,PRJNA503586,GCA_025191635.1,Contig,2.04135,51.5,,RIRE01,244,1956,2022-09-13T00:00:00Z,,ftp://ftp.ncbi.nlm.nih.gov/genomes/all/GCF/025/191/635/GCF_025191635.1_ASM2519163v1
Limosilactobacillus fermentum,Bacteria;Terrabacteria group;Firmicutes,HPLD,SAMN09580242,PRJNA479556,GCA_014830195.1,Contig,2.01888,51.8,,QOCO01,168,1892,2020-09-30T00:00:00Z,ftp://ftp.ncbi.nlm.nih.gov/genomes/all/GCA/014/830/195/GCA_014830195.1_ASM1483019v1,ftp://ftp.ncbi.nlm.nih.gov/genomes/all/GCF/014/830/195/GCF_014830195.1_ASM1483019v1
Limosilactobacillus fermentum,Bacteria;Terrabacteria group;Firmicutes,CIRM-BIA 697,SAMN10365390,PRJNA503586,GCA_025191705.1,Contig,1.99313,52,,RIRG01,248,1861,2022-09-13T00:00:00Z,,ftp://ftp.ncbi.nlm.nih.gov/genomes/all/GCF/025/191/705/GCF_025191705.1_ASM2519170v1
Limosilactobacillus fermentum,Bacteria;Terrabacteria group;Firmicutes,CIRM-BIA 2235,SAMN10365389,PRJNA503586,GCA_025191755.1,Contig,1.99912,51.9,,RIRH01,250,1880,2022-09-13T00:00:00Z,,ftp://ftp.ncbi.nlm.nih.gov/genomes/all/GCF/025/191/755/GCF_025191755.1_ASM2519175v1
Limosilactobacillus fermentum,Bacteria;Terrabacteria group;Firmicutes,QAULFN55,SAMN20114172,PRJNA744373,GCA_022509385.1,Scaffold,2.01131,51.8,,JAJAOS01,137,1919,2022-03-07T00:00:00Z,ftp://ftp.ncbi.nlm.nih.gov/genomes/all/GCA/022/509/385/GCA_022509385.1_ASM2250938v1,ftp://ftp.ncbi.nlm.nih.gov/genomes/all/GCF/022/509/385/GCF_022509385.1_ASM2250938v1
Limosilactobacillus fermentum,Bacteria;Terrabacteria group;Firmicutes,CIRM-BIA 2156,SAMN10365387,PRJNA503586,GCA_025191725.1,Contig,2.03984,51.9,,RIRJ01,254,1920,2022-09-13T00:00:00Z,,ftp://ftp.ncbi.nlm.nih.gov/genomes/all/GCF/025/191/725/GCF_025191725.1_ASM2519172v1
Limosilactobacillus fermentum,Bacteria;Terrabacteria group;Firmicutes,779_LFER,SAMN03197989,PRJNA267549,GCA_001077025.1,Scaffold,1.93581,52.1,,JUTH01,169,1826,2015-07-10T00:00:00Z,,ftp://ftp.ncbi.nlm.nih.gov/genomes/all/GCF/001/077/025/GCF_001077025.1_ASM107702v1
Limosilactobacillus fermentum,Bacteria;Terrabacteria group;Firmicutes,CIRM-BIA 867,SAMN10365398,PRJNA503586,GCA_025191545.1,Contig,1.88586,52.3,,RIQY01,189,1810,2022-09-13T00:00:00Z,,ftp://ftp.ncbi.nlm.nih.gov/genomes/all/GCF/025/191/545/GCF_025191545.1_ASM2519154v1
Limosilactobacillus fermentum,Bacteria;Terrabacteria group;Firmicutes,fsol_strainA,SAMEA110266500,PRJEB52385,GCA_945190155.1,Contig,2.07605,51.6,,CALYNE01,340,1957,2022-09-03T00:00:00Z,ftp://ftp.ncbi.nlm.nih.gov/genomes/all/GCA/945/190/155/GCA_945190155.1_fsol_strainA,ftp://ftp.ncbi.nlm.nih.gov/genomes/all/GCF/945/190/155/GCF_945190155.1_fsol_strainA
Limosilactobacillus fermentum,Bacteria;Terrabacteria group;Firmicutes,I2,SAMN13031766,PRJNA577465,GCA_009295755.1,Scaffold,2.07593,51.6,,WHJL01,151,1950,2019-10-23T00:00:00Z,,ftp://ftp.ncbi.nlm.nih.gov/genomes/all/GCF/009/295/755/GCF_009295755.1_ASM929575v1
Limosilactobacillus fermentum,Bacteria;Terrabacteria group;Firmicutes,UBLF-31,SAMN15930389,PRJNA493554,GCA_015160755.1,Contig,1.99268,52,,JADDMW01,338,1892,2020-10-31T00:00:00Z,ftp://ftp.ncbi.nlm.nih.gov/genomes/all/GCA/015/160/755/GCA_015160755.1_ASM1516075v1,ftp://ftp.ncbi.nlm.nih.gov/genomes/all/GCF/015/160/755/GCF_015160755.1_ASM1516075v1
Limosilactobacillus fermentum,Bacteria;Terrabacteria group;Firmicutes,CIRM-BIA 893,SAMN10365386,PRJNA503586,GCA_025191785.1,Contig,1.8874,51.7,,RIRK01,333,1834,2022-09-13T00:00:00Z,,ftp://ftp.ncbi.nlm.nih.gov/genomes/all/GCF/025/191/785/GCF_025191785.1_ASM2519178v1
Limosilactobacillus fermentum,Bacteria;Terrabacteria group;Firmicutes,CIRM-BIA 894,SAMN10365388,PRJNA503586,GCA_025191745.1,Contig,1.91417,51.6,,RIRI01,360,1934,2022-09-13T00:00:00Z,,ftp://ftp.ncbi.nlm.nih.gov/genomes/all/GCF/025/191/745/GCF_025191745.1_ASM2519174v1
Limosilactobacillus fermentum,Bacteria;Terrabacteria group;Firmicutes,CIRM-BIA 874,SAMN10365399,PRJNA503586,GCA_025191525.1,Contig,1.74714,51.5,,RIQX01,340,1727,2022-09-13T00:00:00Z,,ftp://ftp.ncbi.nlm.nih.gov/genomes/all/GCF/025/191/525/GCF_025191525.1_ASM2519152v1
Limosilactobacillus fermentum,Bacteria;Terrabacteria group;Firmicutes,CIRM-BIA 891,SAMN10365385,PRJNA503586,GCA_025191805.1,Contig,1.86196,51.4,,RIRL01,409,1942,2022-09-13T00:00:00Z,,ftp://ftp.ncbi.nlm.nih.gov/genomes/all/GCF/025/191/805/GCF_025191805.1_ASM2519180v1
Limosilactobacillus fermentum,Bacteria;Terrabacteria group;Firmicutes,CIRM-BIA 872,SAMN10365395,PRJNA503586,GCA_025191605.1,Contig,1.76406,51.2,,RIRB01,399,1878,2022-09-13T00:00:00Z,,ftp://ftp.ncbi.nlm.nih.gov/genomes/all/GCF/025/191/605/GCF_025191605.1_ASM2519160v1
Limosilactobacillus fermentum,Bacteria;Terrabacteria group;Firmicutes,QAULFN54,SAMN20114171,PRJNA744373,GCA_022509455.1,Scaffold,1.96655,51.9,,JAJAOR01,129,1903,2022-03-07T00:00:00Z,ftp://ftp.ncbi.nlm.nih.gov/genomes/all/GCA/022/509/455/GCA_022509455.1_ASM2250945v1,ftp://ftp.ncbi.nlm.nih.gov/genomes/all/GCF/022/509/455/GCF_022509455.1_ASM2250945v1
Limosilactobacillus fermentum CECT 5716,Bacteria;Terrabacteria group;Firmicutes,CECT 5716,SAMN15816309,PRJNA657150,GCA_014488995.1,Scaffold,2.07754,51.7,,JACTGS01,170,1952,2020-09-05T00:00:00Z,ftp://ftp.ncbi.nlm.nih.gov/genomes/all/GCA/014/488/995/GCA_014488995.1_ASM1448899v1,ftp://ftp.ncbi.nlm.nih.gov/genomes/all/GCF/014/488/995/GCF_014488995.1_ASM1448899v1
Limosilactobacillus fermentum L930BB,Bacteria;Terrabacteria group;Firmicutes,L930BB,SAMEA3158477,PRJEB4718,GCA_001039735.1,Contig,1.97184,52.1,,CBUR01,72,1831,2015-01-09T00:00:00Z,,ftp://ftp.ncbi.nlm.nih.gov/genomes/all/GCF/001/039/735/GCF_001039735.1_LFE2
Limosilactobacillus fermentum 28-3-CHN,Bacteria;Terrabacteria group;Firmicutes,28-3-CHN,SAMN02463745,PRJNA38517,GCA_000162395.1,Scaffold,2.02652,52,,ACQG01,42,1862,2009-10-01T00:00:00Z,ftp://ftp.ncbi.nlm.nih.gov/genomes/all/GCA/000/162/395/GCA_000162395.1_ASM16239v1,ftp://ftp.ncbi.nlm.nih.gov/genomes/all/GCF/000/162/395/GCF_000162395.1_ASM16239v1
Limosilactobacillus fermentum Lf1,Bacteria;Terrabacteria group;Firmicutes,Lf1,SAMN02053534,PRJNA198062,GCA_000472265.1,Contig,1.81565,52.5,,AWXS01,250,1727,2013-09-30T00:00:00Z,ftp://ftp.ncbi.nlm.nih.gov/genomes/all/GCA/000/472/265/GCA_000472265.1_LF1_1.0,ftp://ftp.ncbi.nlm.nih.gov/genomes/all/GCF/000/472/265/GCF_000472265.1_LF1_1.0
Limosilactobacillus fermentum NB-22,Bacteria;Terrabacteria group;Firmicutes,NB-22,SAMN02470787,PRJNA223167,GCA_000496435.1,Scaffold,2.01131,51.8,,AYHA01,137,1929,2013-11-08T00:00:00Z,ftp://ftp.ncbi.nlm.nih.gov/genomes/all/GCA/000/496/435/GCA_000496435.1_LfermNB22_1.0,ftp://ftp.ncbi.nlm.nih.gov/genomes/all/GCF/000/496/435/GCF_000496435.1_LfermNB22_1.0
Limosilactobacillus fermentum FTDC8312,Bacteria;Terrabacteria group;Firmicutes,FTDC8312,SAMN02469912,PRJNA205894,GCA_000417005.1,Scaffold,1.96655,51.8,,ASXU01,129,1912,2013-07-01T00:00:00Z,ftp://ftp.ncbi.nlm.nih.gov/genomes/all/GCA/000/417/005/GCA_000417005.1_ASM41700v1,ftp://ftp.ncbi.nlm.nih.gov/genomes/all/GCF/000/417/005/GCF_000417005.1_ASM41700v1
Limosilactobacillus fermentum,Bacteria;Terrabacteria group;Firmicutes,DR9,SAMN09701875,PRJNA482260,GCA_003710225.1,Complete,2.35699,50.4429,chromosome:CP033371.1; plasmid unnamed1:CP033372.1; plasmid unnamed2:CP033373.1; plasmid unnamed3:CP033374.1; plasmid unnamed4:CP033375.1,,5,1678,2018-11-04T00:00:00Z,,ftp://ftp.ncbi.nlm.nih.gov/genomes/all/GCF/003/710/225/GCF_003710225.1_ASM371022v1
Limosilactobacillus fermentum CECT 5716,Bacteria;Terrabacteria group;Firmicutes,CECT 5716,SAMN02604100,PRJNA43533,GCA_000210515.1,Complete,2.10045,51.5,chromosome:CP002033.1,,1,1051,2010-06-29T00:00:00Z,ftp://ftp.ncbi.nlm.nih.gov/genomes/all/GCA/000/210/515/GCA_000210515.1_ASM21051v1,ftp://ftp.ncbi.nlm.nih.gov/genomes/all/GCF/000/210/515/GCF_000210515.1_ASM21051v1
Limosilactobacillus fermentum,Bacteria;Terrabacteria group;Firmicutes,VRI-003,SAMN06546707,PRJNA378457,GCA_002072085.1, Chromosome,1.9493,52,chromosome Lactobacillus_fermentum_VRI-003:CP020353.1,,1,1817,2017-03-23T00:00:00Z,,
Limosilactobacillus fermentum,Bacteria;Terrabacteria group;Firmicutes,LT20,SAMD00270998,PRJDB11003,GCA_016861505.1,Contig,2.10525,51.5,,BOLI01,1,2277,2021-01-14T21:26:00Z,ftp://ftp.ncbi.nlm.nih.gov/genomes/all/GCA/016/861/505/GCA_016861505.1_ASM1686150v1,
Limosilactobacillus fermentum,Bacteria;Terrabacteria group;Firmicutes,HFB3,SAMN04038470,PRJNA294944,GCA_001297025.1,Contig,2.04336,51.8,,LJFJ01,7,1366,2015-09-22T00:00:00Z,,ftp://ftp.ncbi.nlm.nih.gov/genomes/all/GCF/001/297/025/GCF_001297025.1_ASM129702v1
Limosilactobacillus fermentum,Bacteria;Terrabacteria group;Firmicutes,AF11-4-H,SAMN09734212,PRJNA482748,GCA_003465085.1,Scaffold,1.9358,52.2,,QSAL01,91,1412,2018-09-06T00:00:00Z,,ftp://ftp.ncbi.nlm.nih.gov/genomes/all/GCF/003/465/085/GCF_003465085.1_ASM346508v1
Limosilactobacillus fermentum,Bacteria;Terrabacteria group;Firmicutes,MD IIE-4657,SAMN08565625,PRJNA434637,GCA_002942005.1,Contig,1.905,52.3,,PTLW01,74,1688,2018-02-25T00:00:00Z,,ftp://ftp.ncbi.nlm.nih.gov/genomes/all/GCF/002/942/005/GCF_002942005.1_ASM294200v1
Limosilactobacillus fermentum,Bacteria;Terrabacteria group;Firmicutes,L2_019_000G1_dasL2_019_000G1_metabat.metabat.37,SAMN17801507,PRJNA698986,GCA_018373435.1,Contig,1.7668,53.1,,JAHAHC01,64,1616,2021-05-16T00:00:00Z,ftp://ftp.ncbi.nlm.nih.gov/genomes/all/GCA/018/373/435/GCA_018373435.1_ASM1837343v1,
Limosilactobacillus fermentum,Bacteria;Terrabacteria group;Firmicutes,UCO-979C,SAMN04100088,PRJNA296497,GCA_001297905.1,Contig,2.01183,51.9,,LJWZ01,108,1490,2015-09-23T00:00:00Z,,ftp://ftp.ncbi.nlm.nih.gov/genomes/all/GCF/001/297/905/GCF_001297905.1_ASM129790v1
Limosilactobacillus fermentum,Bacteria;Terrabacteria group;Firmicutes,ERR1430538-bin.18,SAMEA7846760,PRJEB37358,GCA_905192865.1,Contig,1.73915,53.3,,CAJJMM01,131,0,2021-02-01T00:00:00Z,ftp://ftp.ncbi.nlm.nih.gov/genomes/all/GCA/905/192/865/GCA_905192865.1_ERR1430538-mag-bin.18,
Limosilactobacillus fermentum,Bacteria;Terrabacteria group;Firmicutes,13WH,SAMN17842832,PRJNA684904,GCA_016939065.1,Contig,1.71714,53.1,,JAFHBK01,81,1623,2021-02-24T00:00:00Z,ftp://ftp.ncbi.nlm.nih.gov/genomes/all/GCA/016/939/065/GCA_016939065.1_ASM1693906v1,
Limosilactobacillus fermentum,Bacteria;Terrabacteria group;Firmicutes,UBG139,SAMN09684688,PRJNA482729,GCA_014849095.1,Contig,1.68467,53.2,,RKBX01,105,1567,2020-10-05T00:00:00Z,ftp://ftp.ncbi.nlm.nih.gov/genomes/all/GCA/014/849/095/GCA_014849095.1_ASM1484909v1,
Limosilactobacillus fermentum,Bacteria;Terrabacteria group;Firmicutes,CIM:MAG 1415,SAMN08294985,PRJNA397219,GCA_003343585.1,Scaffold,1.7588,49.7,,QAKY01,158,1750,2018-05-23T00:00:00Z,,
Limosilactobacillus fermentum,Bacteria;Terrabacteria group;Firmicutes,CIRM-BIA 2153,SAMN10365393,PRJNA503586,GCA_025191655.1,Contig,2.04856,51.2,,RIRD01,1430,2590,2022-09-13T00:00:00Z,,
Limosilactobacillus fermentum ATCC 14931,Bacteria;Terrabacteria group;Firmicutes,SRR9217392-mag-bin.15,SAMEA8395118,PRJEB43277,GCA_905371965.1,Contig,1.62357,53,,CAJPNF01,161,0,2021-03-25T00:00:00Z,ftp://ftp.ncbi.nlm.nih.gov/genomes/all/GCA/905/371/965/GCA_905371965.1_SRR9217392-mag-bin.15,
Limosilactobacillus fermentum MTCC 8711,Bacteria;Terrabacteria group;Firmicutes,MTCC 8711,SAMN02470291,PRJNA212396,GCA_000477515.1,Contig,2.5663,49.6491,plasmid pLF01:AVAB01000110.1; plasmid pLF02:AVAB01000111.1; plasmid pLF03:AVAB01000112.1; plasmid pLF04:AVAB01000113.1; plasmid pLF05:AVAB01000114.1; plasmid pLF06:AVAB01000115.1; plasmid pLF07:AVAB01000116.1,AVAB01,116,2264,2013-08-19T00:00:00Z,ftp://ftp.ncbi.nlm.nih.gov/genomes/all/GCA/000/477/515/GCA_000477515.1_Reference_Assembly,ftp://ftp.ncbi.nlm.nih.gov/genomes/all/GCF/000/477/515/GCF_000477515.1_Reference_Assembly
